<?xml version='1.0' encoding='utf-8'?>
<TextureAtlas imagePath="Warren.png"><SubTexture name="Warren Sing Down0000" x="0" y="0" width="804" height="804" frameX="0" frameY="0" frameWidth="804" frameHeight="804" />
<SubTexture name="Warren Sing Down0001" x="804" y="0" width="804" height="804" frameX="0" frameY="0" frameWidth="804" frameHeight="804" />
<SubTexture name="Warren idle0000" x="1608" y="0" width="804" height="804" frameX="0" frameY="0" frameWidth="804" frameHeight="804" />
<SubTexture name="Warren idle0001" x="0" y="804" width="804" height="804" frameX="0" frameY="0" frameWidth="804" frameHeight="804" />
<SubTexture name="Warren idle0002" x="804" y="804" width="804" height="804" frameX="0" frameY="0" frameWidth="804" frameHeight="804" />
<SubTexture name="Warren idle0003" x="1608" y="804" width="804" height="804" frameX="0" frameY="0" frameWidth="804" frameHeight="804" />
<SubTexture name="Warren idle0004" x="0" y="1608" width="804" height="804" frameX="0" frameY="0" frameWidth="804" frameHeight="804" />
<SubTexture name="Warren Sing Left0000" x="804" y="1608" width="804" height="804" frameX="0" frameY="0" frameWidth="804" frameHeight="804" />
<SubTexture name="Warren Sing Left0001" x="1608" y="1608" width="804" height="804" frameX="0" frameY="0" frameWidth="804" frameHeight="804" />
<SubTexture name="Warren Sing Right0000" x="0" y="2412" width="804" height="804" frameX="0" frameY="0" frameWidth="804" frameHeight="804" />
<SubTexture name="Warren Sing Right0001" x="804" y="2412" width="804" height="804" frameX="0" frameY="0" frameWidth="804" frameHeight="804" />
<SubTexture name="Warren Sing Up0000" x="1608" y="2412" width="804" height="804" frameX="0" frameY="0" frameWidth="804" frameHeight="804" />
<SubTexture name="Warren Sing Up0001" x="0" y="3216" width="804" height="804" frameX="0" frameY="0" frameWidth="804" frameHeight="804" />
</TextureAtlas>
